id,school,file,align_ok,align_inliers,rotated_180,q1,q1_candidate,q1_scores,q2,q2_candidate,q2_scores,q3,q3_candidate,q3_scores,q4,q4_candidate,q4_scores,grade,kit_2,kit_3,q5,crop_grade,blank_grade,crop_kit_2,blank_kit_2,crop_kit_3,blank_kit_3,crop_q5,blank_q5,omr_flags,omr_status,grade_conf,kit_2_conf,kit_3_conf,q5_conf,hw_status
sample_001,가상초A,가상초A/sample_001.png,True,1182,False,매우 만족,매우 만족,299 0 0 0 0,쉬웠다,쉬웠다,0 297 0 0 0,매우 그렇다,매우 그렇다,287 0 0 0 0,네,네,387 0 0,5,마술봉,자벌래,재미있었어요. 또 하고 싶어요.,crops/grade/sample_001.png,False,crops/kit_2/sample_001.png,False,crops/kit_3/sample_001.png,False,crops/q5/sample_001.png,False,,auto,high,high,high,high,needs_review
sample_002,가상초A,가상초A/sample_002.png,True,1248,False,만족,만족,0 286 0 0 0,보통,보통,0 0 318 0 0,그렇다,그렇다,0 251 0 0 0,네,네,374 0 0,5,스마트 워치,피노키오,만든 것을 가져가고 싶어요.,crops/grade/sample_002.png,False,crops/kit_2/sample_002.png,False,crops/kit_3/sample_002.png,False,crops/q5/sample_002.png,False,,auto,high,high,high,high,needs_review
sample_003,가상초A,가상초A/sample_003.png,True,1097,False,매우 만족,매우 만족,327 0 0 0 0,매우 쉬웠다,매우 쉬웠다,348 0 0 0 0,매우 그렇다,매우 그렇다,328 0 0 0 0,네,네,344 0 0,6,노래하는 케익,인사하는 강아지,,crops/grade/sample_003.png,False,crops/kit_2/sample_003.png,False,crops/kit_3/sample_003.png,False,crops/q5/sample_003.png,True,,auto,high,high,high,blank,needs_review
sample_004,가상초A,가상초A/sample_004.png,True,933,True,보통,보통,0 0 362 0 0,어려웠다,어려웠다,0 0 0 366 0,보통,보통,0 0 361 0 0,잘 모르겠음,잘 모르겠음,0 0 384,6,메시지키링,메롱하는 개구리,설명이 길었어요.,crops/grade/sample_004.png,False,crops/kit_2/sample_004.png,False,crops/kit_3/sample_004.png,False,crops/q5/sample_004.png,False,,auto,high,high,high,high,needs_review
sample_005,가상초A,가상초A/sample_005.png,True,1711,True,매우 만족,매우 만족,281 0 0 0 0,쉬웠다,쉬웠다,0 327 0 0 0,그렇다,그렇다,0 323 0 0 0,네,네,336 0 0,4,인사하는 강아지,노래하는 케익,선생님이 친절했어요!,crops/grade/sample_005.png,False,crops/kit_2/sample_005.png,False,crops/kit_3/sample_005.png,False,crops/q5/sample_005.png,False,,auto,high,high,high,high,needs_review
sample_006,가상초A,가상초A/sample_006.png,True,1308,False,만족,만족,0 296 0 0 0,쉬웠다,쉬웠다,0 263 0 0 0,매우 그렇다,매우 그렇다,302 0 0 0 0,네,네,269 0 0,4,자벌래,마술봉,재밌었다,crops/grade/sample_006.png,False,crops/kit_2/sample_006.png,False,crops/kit_3/sample_006.png,False,crops/q5/sample_006.png,False,,auto,high,high,high,high,needs_review
sample_007,가상초B,가상초B/sample_007.png,True,2458,False,만족,만족,0 359 0 0 0,,보통,266 0 324 0 0,그렇다,그렇다,0 317 0 0 0,네,네,280 0 0,5,피노키오,스마트 워치,다음에도 하고 싶다.,crops/grade/sample_007.png,False,crops/kit_2/sample_007.png,False,crops/kit_3/sample_007.png,False,crops/q5/sample_007.png,False,q2:multi,needs_review,high,high,high,high,needs_review
sample_008,가상초B,가상초B/sample_008.png,True,2022,False,매우 만족,매우 만족,307 0 0 0 0,쉬웠다,쉬웠다,0 312 0 0 0,,,0 0 0 0 0,아니오,아니오,0 313 0,5,메롱하는 개구리,메시지키링,,crops/grade/sample_008.png,False,crops/kit_2/sample_008.png,False,crops/kit_3/sample_008.png,False,crops/q5/sample_008.png,True,q3:blank,needs_review,high,high,high,blank,needs_review
sample_009,가상초B,가상초B/sample_009.png,True,1252,False,,매우 만족,1170 0 0 339 0,보통,보통,0 0 317 0 0,그렇다,그렇다,0 332 0 0 0,네,네,320 0 0,6,마술봉,자벌래,시간이 부족했어요.,crops/grade/sample_009.png,False,crops/kit_2/sample_009.png,False,crops/kit_3/sample_009.png,False,crops/q5/sample_009.png,False,q1:multi;q1:filled:매우 만족,needs_review,high,high,high,high,needs_review
sample_010,가상초B,가상초B/sample_010.png,True,1168,True,매우 만족,매우 만족,373 0 0 0 0,매우 쉬웠다,매우 쉬웠다,368 0 0 0 0,매우 그렇다,매우 그렇다,366 0 0 0 0,네,네,323 0 0,6,스마트 워치,피노키오,만들기가 재미있었다.,crops/grade/sample_010.png,False,crops/kit_2/sample_010.png,False,crops/kit_3/sample_010.png,False,crops/q5/sample_010.png,False,,auto,high,high,high,high,needs_review
sample_011,가상초B,가상초B/sample_011.png,True,1388,False,만족,만족,0 283 0 0 0,쉬웠다,쉬웠다,0 270 0 0 0,보통,보통,0 0 310 0 0,,네,493 320 0,4,노래하는 케익,인사하는 강아지,,crops/grade/sample_011.png,False,crops/kit_2/sample_011.png,False,crops/kit_3/sample_011.png,False,crops/q5/sample_011.png,True,q4:multi,needs_review,high,high,high,blank,needs_review
sample_012,가상초B,가상초B/sample_012.png,True,1297,False,보통,보통,0 0 340 0 0,보통,보통,0 0 285 0 0,아니다,아니다,0 0 0 264 0,잘 모르겠음,잘 모르겠음,0 0 323,5,자벌래,마술봉,없음,crops/grade/sample_012.png,False,crops/kit_2/sample_012.png,False,crops/kit_3/sample_012.png,False,crops/q5/sample_012.png,False,,auto,high,high,high,high,needs_review
