id,school,file,share_url,q1,q2,q3,q4,grade,kit_2,kit_2_std,kit_3,kit_3_std,kit_check,q5,status
sample_001,가상초A,가상초A/sample_001.png,,매우 만족,쉬웠다,매우 그렇다,네,5,마술봉,마술봉,자벌래,자벌래,,재미있었어요. 또 하고 싶어요.,auto
sample_002,가상초A,가상초A/sample_002.png,,만족,보통,그렇다,네,5,스마트 워치,스마트 워치,피노키오,피노키오,,만든 것을 가져가고 싶어요.,auto
sample_003,가상초A,가상초A/sample_003.png,,매우 만족,매우 쉬웠다,매우 그렇다,네,6,노래하는 케익,노래하는 케익,인사하는 강아지,인사하는 강아지,,,auto
sample_004,가상초A,가상초A/sample_004.png,,보통,어려웠다,보통,잘 모르겠음,6,메시지키링,메시지키링,메롱하는 개구리,메롱하는 개구리,,설명이 길었어요.,auto
sample_005,가상초A,가상초A/sample_005.png,,매우 만족,쉬웠다,그렇다,네,4,인사하는 강아지,인사하는 강아지,노래하는 케익,노래하는 케익,,선생님이 친절했어요!,auto
sample_006,가상초A,가상초A/sample_006.png,,만족,쉬웠다,매우 그렇다,네,4,자벌래,자벌래,마술봉,마술봉,,재밌었다,auto
sample_007,가상초B,가상초B/sample_007.png,,만족,보통,그렇다,네,5,피노키오,피노키오,스마트 워치,스마트 워치,,다음에도 하고 싶다.,reviewed
sample_008,가상초B,가상초B/sample_008.png,,매우 만족,쉬웠다,,아니오,5,메롱하는 개구리,메롱하는 개구리,메시지키링,메시지키링,,,reviewed
sample_009,가상초B,가상초B/sample_009.png,,불만족,보통,그렇다,네,6,마술봉,마술봉,자벌래,자벌래,,시간이 부족했어요.,reviewed
sample_010,가상초B,가상초B/sample_010.png,,매우 만족,매우 쉬웠다,매우 그렇다,네,6,스마트 워치,스마트 워치,피노키오,피노키오,,만들기가 재미있었다.,auto
sample_011,가상초B,가상초B/sample_011.png,,만족,쉬웠다,보통,아니오,4,노래하는 케익,노래하는 케익,인사하는 강아지,인사하는 강아지,,,reviewed
sample_012,가상초B,가상초B/sample_012.png,,보통,보통,아니다,잘 모르겠음,5,자벌래,자벌래,마술봉,마술봉,,없음,auto
