file,case,q1,q2,q3,q4,grade,kit_2,kit_3,q5
가상초A/sample_001.png,clean,매우 만족,쉬웠다,매우 그렇다,네,5,마술봉,자벌래,재미있었어요. 또 하고 싶어요.
가상초A/sample_002.png,clean,만족,보통,그렇다,네,5,스마트 워치,피노키오,만든 것을 가져가고 싶어요.
가상초A/sample_003.png,clean,매우 만족,매우 쉬웠다,매우 그렇다,네,6,노래하는 케익,인사하는 강아지,
가상초A/sample_004.png,flipped,보통,어려웠다,보통,잘 모르겠음,6,메시지키링,메롱하는 개구리,설명이 길었어요.
가상초A/sample_005.png,flipped,매우 만족,쉬웠다,그렇다,네,4,인사하는 강아지,노래하는 케익,선생님이 친절했어요!
가상초A/sample_006.png,tilted,만족,쉬웠다,매우 그렇다,네,4,자벌래,마술봉,재밌었다
가상초B/sample_007.png,double,만족,보통,그렇다,네,5,피노키오,스마트 워치,다음에도 하고 싶다.
가상초B/sample_008.png,blank,매우 만족,쉬웠다,,아니오,5,메롱하는 개구리,메시지키링,
가상초B/sample_009.png,scribble,불만족,보통,그렇다,네,6,마술봉,자벌래,시간이 부족했어요.
가상초B/sample_010.png,noisy,매우 만족,매우 쉬웠다,매우 그렇다,네,6,스마트 워치,피노키오,만들기가 재미있었다.
가상초B/sample_011.png,x_cancel,만족,쉬웠다,보통,아니오,4,노래하는 케익,인사하는 강아지,
가상초B/sample_012.png,clean,보통,보통,아니다,잘 모르겠음,5,자벌래,마술봉,없음
